head,objective,run,seen_acc,seen_ece,seen_ece_ts,seen_nll_ts,heldout_acc,knowledge_acc,clinical_acc,druglib_mae,perm_flip,scifact_ndcg10,logged_grad_var
PFR,CE,s1_results_public/runs/rq3/ce/s0,0.6807575601691573,0.08283675656361646,0.03633683756206218,0.513646322762337,0.20075437948102445,0.12254499606986574,0.23547163518452033,0.5996434807384666,0.005409061356066744,,
PFR,CE,s1_results_public/runs/rq3/ce/s1,0.6799520271730184,0.10017459693315806,0.04355293473625242,0.5095696771371048,0.19716166206824207,0.13342061922276877,0.23657791135415188,0.5755124060700796,0.0034448710916072404,,
PFR,CE,s1_results_public/runs/rq3/ce/s2,0.6870428186304359,0.09514007314790673,0.04024395951691356,0.5061607023252813,0.22569570992601048,0.13697101858604455,0.18627671001149185,0.5879276976631079,0.004327976088678768,,
PFR,Proper,s1_results_public/runs/rq3/proper/s0,0.6833162293564674,0.09759636814922779,0.0455810099078534,0.5029235279969613,0.22058581733642657,0.14062973508642887,0.23384981831188986,0.5860736168764805,0.000811848601206802,,
PFR,Proper,s1_results_public/runs/rq3/proper/s1,0.6833589286607784,0.09043007345254273,0.04806455589239098,0.5118411258163462,0.24665937261388113,0.13375068016930472,0.24122255715756655,0.5773840377546487,0.0030279758639605047,,
PFR,Proper,s1_results_public/runs/rq3/proper/s2,0.687621888943446,0.08581164552324246,0.03934216970789088,0.5141325526876832,0.21043497803245972,0.13311301643675363,0.2273868717224776,0.5831660889251276,0.0027207899067471205,,
PFR,PG (released),s1_results_public/runs/main/spubmedbert/PFR/s0,0.6594661201743719,0.07387732973322925,0.035388030310339616,0.5377614170480238,0.25225460025419405,0.11869168267053243,0.1740431051616956,0.6252276603307981,0.00473944048272079,0.3556844572409134,0.021783834119560197
PFR,PG (released),s1_results_public/runs/main/spubmedbert/PFR/s1,0.6638321706164201,0.07254702475010225,0.04020120157547907,0.5372313911054376,0.22410748482031992,0.1225193381881532,0.26944605950350614,0.6322537120204951,0.0036791909539409034,,0.021495912224054337
PFR,PG (released),s1_results_public/runs/main/spubmedbert/PFR/s2,0.6358222670530939,0.062498331721881836,0.03721316965548187,0.5687843156460133,0.2319481341617816,0.10090172877016174,0.10667679887620625,0.6550283698998872,0.0040318008501215846,,0.02189975618966855
PFR,PG w/o CE,s1_results_public/runs/rq3/pg_noce/s0,0.6325540170314466,0.07095485118146243,0.04302252025176928,0.5586810859743736,0.20182729439431304,0.10204644624612665,0.23167529530717812,0.6527028829027003,0.003730115194733955,,0.02151439258886967
PFR,PG w/o CE,s1_results_public/runs/rq3/pg_noce/s1,0.6624330511616641,0.0649714077489186,0.034908577432929196,0.5393028912537436,0.23626693305815968,0.11691089193008425,0.23253477353191768,0.661131825319715,0.00019826533418505174,,0.020839418735704385
PFR,PG w/o CE,s1_results_public/runs/rq3/pg_noce/s2,0.670963595199227,0.06341713294662829,0.04122192624758107,0.5320668928626405,0.17029371979615682,0.10040280018960185,0.04194272959036399,0.6252461156222076,0.0007297638102330429,,0.022063339754822664
PFR,PG-LOO (unbiased),s1_results_patch8/runs/rq3/pg_loo/s0,0.6797208692506902,0.0752763004529226,0.0400387973952453,0.5268193307002476,0.24932182385472393,0.12554524877144732,0.27074188057428106,0.6128711940434655,0.005623940451055189,,0.0005455106402223464
PFR,PG-LOO (unbiased),s1_results_patch8/runs/rq3/pg_loo/s1,0.6707623612230964,0.0700583455526099,0.03632438194845647,0.5182133613562053,0.2888529370150003,0.12206501785371789,0.2740553598658197,0.6134674215178499,0.003642347778387274,,0.0005794597118438105
PFR,PG-LOO (unbiased),s1_results_patch8/runs/rq3/pg_loo/s2,0.6822846822310844,0.08038434628991413,0.040538016241238255,0.5097245202654611,0.1766839443017347,0.12308696872756064,0.21264658711555529,0.5890370066361604,0.0040954427937137045,,0.0005361449175325106
PFR,Reparam,s1_results_public/runs/rq3/reparam/s0,0.6899893825896086,0.09056101756453894,0.035106079955959754,0.5025066429089133,0.2351694708518429,0.14013395738591528,0.2236059067195231,0.5799519883409225,0.003839824465167307,,2.461330880443313e-06
PFR,Reparam,s1_results_public/runs/rq3/reparam/s1,0.6802690825410318,0.08138463695230183,0.03381560382892112,0.5120723786251813,0.19677128387526435,0.11802374744653481,0.14296536843534077,0.597235399876936,0.006389401769640613,,2.734910221846576e-06
PFR,Reparam,s1_results_public/runs/rq3/reparam/s2,0.685697670135097,0.09663778109504759,0.04176063097657063,0.5106621632211956,0.22619595631374667,0.022835963060825595,0.24920538165263362,0.5839518369752686,0.0029137271476488945,,2.5770435714278506e-06
C,CE,s1_results_patch8/runs/rq3c/ce/s0,0.6976050292527112,0.07657719403220994,0.0392740594346477,0.4917586239917761,0.3007830738943655,0.13993300988572835,0.16737666329732634,0.6293798218812471,0.03281325639017602,0.24620914703668112,
C,CE,s1_results_patch8/runs/rq3c/ce/s1,0.7028429879065042,0.07496552279385046,0.03614727246016794,0.4907533387874752,0.3301668240132903,0.12541598880166208,0.18552486032891344,0.6629107181771271,0.02896881252268103,,
C,CE,s1_results_patch8/runs/rq3c/ce/s2,0.7050478045361457,0.07068523721427107,0.03793560852784868,0.4892575150171553,0.29949728363619504,0.14248851511737146,0.2462813938275045,0.6260149003237231,0.025160915767679322,,
C,Proper,s1_results_patch8/runs/rq3c/proper/s0,0.7100439296036889,0.07428942633963098,0.03653683672682058,0.47918538733775656,0.2897961629379176,0.13602715468498694,0.2318778476976545,0.6202005377884944,0.028959569515040074,,
C,Proper,s1_results_patch8/runs/rq3c/proper/s1,0.7038131731683329,0.08253743616122602,0.03994629970864945,0.4924599774684901,0.2834851301341959,0.12294333067597425,0.23234279358799892,0.6260807045740507,0.025497964097598292,,
C,Proper,s1_results_patch8/runs/rq3c/proper/s2,0.707521825725641,0.07254684105618386,0.041483194997105614,0.5061790868903189,0.2912314934756039,0.12541755297065174,0.2135233462287356,0.6342023545402968,0.024867296939297418,,
C,PG (released),s1_results_public/runs/main/spubmedbert/C/s0,0.6729001509574941,0.06575041874113359,0.0472086038602233,0.5375965657500821,0.31988019701260967,0.11768401971022241,0.18649955356931544,0.7696835876826409,0.035044925349651104,0.4330823851770545,0.02103080066444818
C,PG (released),s1_results_public/runs/main/spubmedbert/C/s1,0.6871766012383894,0.0648412276762863,0.033556912742074785,0.517377553481283,0.3183377122044871,0.10432130775167386,0.22211546305484872,0.7103813565492404,0.035230027028171115,,0.02243000482849311
C,PG (released),s1_results_public/runs/main/spubmedbert/C/s2,0.6706290281121617,0.06503159396298347,0.03604120822026421,0.5273572561262561,0.34483034008826047,0.1132250247622102,0.20740392755873927,0.757577049134151,0.025996279494132468,,0.02047201042296365
C,PG-LOO (unbiased),s1_results_patch8/runs/rq3c/pg_loo/s0,0.6946796834040476,0.06393509705003356,0.032340619272748214,0.5078153125581705,0.323459893687351,0.11944874797552202,0.20053766952994656,0.6637626205093096,0.03302375920292802,,0.0005590294790636108
C,PG-LOO (unbiased),s1_results_patch8/runs/rq3c/pg_loo/s1,0.6852154298751765,0.07010503451798185,0.0374408258509276,0.5134281978188484,0.2850146246978091,0.11726312550429109,0.21600264066432262,0.6666248322928959,0.03998809141606149,,0.000639039249108464
C,PG-LOO (unbiased),s1_results_patch8/runs/rq3c/pg_loo/s2,0.6966037499880542,0.06388992559062104,0.0417851076801309,0.504405956671302,0.29151197298029136,0.1140604625728349,0.19971413094624726,0.6654309801503437,0.024547433834035143,,0.0005643868576044042
C,Reparam,s1_results_patch8/runs/rq3c/reparam/s0,0.7143059192137622,0.07457445947331777,0.03274925526034908,0.47553382336787675,0.25233711575100687,0.11768570034655873,0.1942397327822366,0.6280943199292396,0.022625159987267236,,2.4404341525396944e-06
C,Reparam,s1_results_patch8/runs/rq3c/reparam/s1,0.6982097089332501,0.07687995998571062,0.035045400333834464,0.5035824465556442,0.24576804668193786,0.11261287990195784,0.19962592387104397,0.6685587697756913,0.02381703698573361,,2.551541859574513e-06
C,Reparam,s1_results_patch8/runs/rq3c/reparam/s2,0.6814196708806632,0.06526335518063348,0.03968638994723833,0.5161733573251226,0.2752370872090612,0.1106376124869186,0.21708939252008863,0.7083224516625789,0.02530056714595801,,2.4809455307917005e-06
