head,objective,seen_acc,seen_ece,seen_ece_ts,seen_nll_ts,heldout_acc,knowledge_acc,clinical_acc,druglib_mae,perm_flip,scifact_ndcg10,logged_grad_var,seen_acc_sd
PFR,CE,0.6825841353242038,0.09271714221489374,0.040044577271742716,0.5097922340749078,0.20787058382509235,0.13097887795955968,0.21944208551672137,0.587694528157218,0.004393969512117585,,,0.003882281992710132
PFR,Proper,0.6847656823202306,0.09127936237500432,0.04432924516937842,0.5096324021669969,0.22589338932758915,0.13583114389749573,0.23415308239731134,0.5822079145187523,0.002186871457304809,,,0.0024736396288711463
PFR,PG (released),0.6530401859479619,0.06964089540173778,0.03760080051376685,0.5479257079331582,0.2361034064120985,0.11403758320961578,0.18338865451380268,0.6375032474170602,0.004150144095594425,0.3556844572409134,0.021726500844427694,0.015070107744084607
PFR,PG w/o CE,0.6553168877974459,0.06644779729233644,0.03971767464409318,0.5433502900302526,0.20279598241620986,0.1064533794552709,0.1687175994764866,0.6463602746148743,0.0015527147797173499,,0.02147238369313224,0.02016937677585472
PFR,PG-LOO (unbiased),0.677589304234957,0.0752396640984822,0.038967065194980006,0.5182524041073048,0.238286235057153,0.12356574511757529,0.25248127585188535,0.6051252073991585,0.004453910341052056,,0.0005537050898662225,0.006049681596167161
PFR,Reparam,0.6853187117552458,0.08952781187062946,0.03689410492048383,0.5084137282517635,0.21937890368028465,0.09366455596442523,0.20525888560249916,0.587046408397709,0.004380984460818939,,2.5910948912392464e-06,0.0048712180559727794
C,CE,0.7018319405651203,0.0740759846801105,0.03778564680755477,0.4905898259321355,0.31014906051461694,0.13594583793492063,0.1997276391512481,0.6394351467940323,0.028980994893512125,0.24620914703668112,,0.0038230077850843385
C,Proper,0.707126309499221,0.07645790118568029,0.039322110477525214,0.4926081505655218,0.2881709288492391,0.12812934611053764,0.22591466250479633,0.6268278656342806,0.026441610183978597,,,0.0031341516002267138
C,PG (released),0.6769019267693485,0.06520774679346779,0.0389355749408541,0.5274437917858738,0.3276827497684524,0.11174345074136882,0.2053396480609678,0.7458806644553441,0.0320904106239849,0.4330823851770545,0.02131093863863498,0.008970295498377953
C,PG-LOO (unbiased),0.6921662877557594,0.06597668571954549,0.03718885093460224,0.5085498223494404,0.2999954971218171,0.11692411201754933,0.2054181470468388,0.6652728109841831,0.032519761484341554,,0.0005874851952588264,0.006096009105305642
C,Reparam,0.6979784330092252,0.07223925821322062,0.03582701518047396,0.49842987574954783,0.2577807498806686,0.1136453975784784,0.20365168305778972,0.6683251804558367,0.02391425470631962,,2.4909738476353027e-06,0.016444343975097895
